id,first_name,last_name,email
1,Dulcia,Stains,dstains0@google.com.au
2,Malvin,Braxay,mbraxay1@blogspot.com
3,Lois,Pym,lpym2@china.com.cn
4,Duffie,Roake,droake3@ebay.com
5,Gareth,Skittrell,gskittrell4@wordpress.com
6,Nike,Massei,nmassei5@devhub.com
7,Darby,Sanbrook,dsanbrook6@ifeng.com
8,Marilin,Shynn,mshynn7@cpanel.net
9,Carmelina,Seppey,cseppey8@edublogs.org
10,Tedd,Undrill,tundrill9@springer.com
11,Wakefield,Lusty,wlustya@google.ca
12,Kari,Rochell,krochellb@state.tx.us
13,Belva,McUre,bmcurec@drupal.org
14,Annemarie,Ratchford,aratchfordd@mapquest.com
15,Karoly,Stollberg,kstollberge@over-blog.com
16,Bernie,Fipp,bfippf@delicious.com
17,Tyne,Gregson,tgregsong@ameblo.jp
18,Noemi,Batters,nbattersh@upenn.edu
19,Arie,Thorpe,athorpei@nbcnews.com
20,Renado,Morl,rmorlj@google.it
21,Hasheem,Gritskov,hgritskovk@smugmug.com
22,Misha,Singh,msinghl@bing.com
23,Emogene,Pigne,epignem@nsw.gov.au
24,Gayel,Belfield,gbelfieldn@theglobeandmail.com
25,Booth,Nappin,bnappino@t-online.de
26,Clarance,Donlon,cdonlonp@meetup.com
27,Jaynell,Kennington,jkenningtonq@hp.com
28,Theresita,Randle,trandler@noaa.gov
29,Hilarius,Playle,hplayles@ihg.com
30,Joelly,Lutty,jluttyt@php.net
31,Farrel,Crookall,fcrookallu@theguardian.com
32,Tim,Spilsted,tspilstedv@whitehouse.gov
33,Barbette,Belitz,bbelitzw@smh.com.au
34,Cookie,Mollison,cmollisonx@yelp.com
35,Louisette,Cumberbatch,lcumberbatchy@sitemeter.com
36,Bourke,Chilcotte,bchilcottez@cnet.com
37,Brod,Kennet,bkennet10@nih.gov
38,Shurlocke,Baxster,sbaxster11@home.pl
39,Gayleen,Loadsman,gloadsman12@de.vu
40,Tedie,Rickson,trickson13@utexas.edu
41,Honor,Hinkensen,hhinkensen14@cafepress.com
42,Zachariah,Philpots,zphilpots15@usnews.com
43,Isabella,Dary,idary16@twitpic.com
44,Adina,Manton,amanton17@topsy.com
45,Mechelle,Halbord,mhalbord18@scribd.com
46,Claire,Mars,cmars19@skyrock.com
47,Baxie,Beltzner,bbeltzner1a@yandex.ru
48,Nicole,Tandy,ntandy1b@bloglines.com
49,Samaria,Goor,sgoor1c@ox.ac.uk
50,Ashley,Fearnall,afearnall1d@twitter.com
51,Teddi,Wenden,twenden1e@wp.com
52,Theo,Wallis,twallis1f@moonfruit.com
53,Claretta,Woodworth,cwoodworth1g@umn.edu
54,Wylie,Roocroft,wroocroft1h@bloglines.com
55,Emelia,Pavlata,epavlata1i@nasa.gov
56,Beatrisa,Barnsley,bbarnsley1j@reddit.com
57,Kaspar,Southcombe,ksouthcombe1k@disqus.com
58,Delphine,Cristofolo,dcristofolo1l@hibu.com
59,Morgan,Lodeke,mlodeke1m@reuters.com
60,Sigfried,O'Hannay,sohannay1n@live.com
61,Haily,Breit,hbreit1o@webeden.co.uk
62,Grissel,Izzatt,gizzatt1p@wikimedia.org
63,Aurthur,Roeby,aroeby1q@comcast.net
64,Isaiah,Pinchin,ipinchin1r@apple.com
65,Yoshi,Realph,yrealph1s@sitemeter.com
66,Aubine,Dykas,adykas1t@mediafire.com
67,Estrella,Lesurf,elesurf1u@istockphoto.com
68,Adolpho,Leming,aleming1v@flavors.me
69,Sheeree,Lody,slody1w@opensource.org
70,Thurstan,Archbald,tarchbald1x@linkedin.com
71,Sayer,Tschirschky,stschirschky1y@illinois.edu
72,Scottie,Wych,swych1z@gnu.org
73,Corine,De Malchar,cdemalchar20@time.com
74,Lorenza,Carnock,lcarnock21@pagesperso-orange.fr
75,Theo,Brandes,tbrandes22@themeforest.net
76,Aigneis,Bernardinelli,abernardinelli23@zdnet.com
77,Hendrika,Rigglesford,hrigglesford24@4shared.com
78,Wolf,Andrat,wandrat25@biglobe.ne.jp
79,Noni,Brikner,nbrikner26@huffingtonpost.com
80,Ramona,Issitt,rissitt27@cdc.gov
81,Rachelle,Skillen,rskillen28@shop-pro.jp
82,Damara,Barreau,dbarreau29@salon.com
83,Haleigh,Ottosen,hottosen2a@mail.ru
84,Cully,Antwis,cantwis2b@hostgator.com
85,Ann,Kitlee,akitlee2c@ted.com
86,Cindi,Dominguez,cdominguez2d@newsvine.com
87,Wendie,Lillee,wlillee2e@bloomberg.com
88,Allister,Satterly,asatterly2f@unblog.fr
89,Daile,Odgaard,dodgaard2g@businessinsider.com
90,Hildagarde,Simionato,hsimionato2h@nydailynews.com
91,Milissent,Pirolini,mpirolini2i@theatlantic.com
92,Anatol,Vanezis,avanezis2j@princeton.edu
93,Silvain,Matiewe,smatiewe2k@slideshare.net
94,Ema,Duchart,educhart2l@google.co.uk
95,Annabel,Smooth,asmooth2m@cornell.edu
96,Somerset,Dahmke,sdahmke2n@webmd.com
97,Malvina,Alexsandrov,malexsandrov2o@clickbank.net
98,Antonius,Bottell,abottell2p@barnesandnoble.com
99,Binky,Mannering,bmannering2q@last.fm
100,Rhiamon,Berardt,rberardt2r@bluehost.com
